id,comment_text,user_id,photo_id,created_at
1,unde at dolorem,2,1,01/07/2024 05:00
2,quae ea ducimus,3,1,01/07/2024 08:00
3,alias a voluptatum,5,1,01/07/2024 09:00
4,facere suscipit sunt,14,1,01/07/2024 09:00
5,totam eligendi quaerat,17,1,01/07/2024 13:00
6,vitae quia aliquam,21,1,01/07/2024 15:00
7,exercitationem occaecati neque,24,1,01/07/2024 17:00
8,sint ad fugiat,31,1,01/07/2024 18:00
9,nesciunt aut nesciunt,36,1,01/07/2024 19:00
10,laudantium ut nostrum,41,1,01/07/2024 20:00
11,omnis aut asperiores,52,1,01/07/2024 20:00
12,et eum molestias,54,1,01/07/2024 22:00
13,alias pariatur neque,55,1,01/07/2024 22:00
14,amet iure adipisci,57,1,02/07/2024 00:00
15,cum enim repellat,62,1,02/07/2024 02:00
16,provident dolorem non,63,1,02/07/2024 03:00
17,eos consequuntur impedit,66,1,02/07/2024 05:00
18,voluptas nemo blanditiis,71,1,02/07/2024 05:00
19,id fugit dolores,72,1,02/07/2024 06:00
20,occaecati tenetur exercitationem,75,1,02/07/2024 07:00
21,quasi deserunt voluptates,76,1,02/07/2024 07:00
22,reprehenderit sunt cumque,78,1,02/07/2024 07:00
23,non impedit ut,87,1,02/07/2024 07:00
24,voluptatum sit id,91,1,02/07/2024 08:00
25,tenetur voluptas aspernatur,98,1,02/07/2024 08:00
26,in veritatis quia,3,2,02/07/2024 08:00
27,quis facilis ea,5,2,02/07/2024 09:00
28,quia est sit,14,2,02/07/2024 09:00
29,voluptatem doloremque accusamus,15,2,02/07/2024 10:00
30,consectetur inventore quis,18,2,02/07/2024 10:00
31,sunt dolorem reprehenderit,19,2,02/07/2024 10:00
32,omnis omnis nulla,21,2,02/07/2024 10:00
33,ullam in facilis,24,2,02/07/2024 11:00
34,possimus consequuntur occaecati,28,2,02/07/2024 11:00
35,voluptas dicta aut,30,2,02/07/2024 12:00
36,explicabo qui ipsum,31,2,02/07/2024 12:00
37,qui pariatur dolor,35,2,02/07/2024 13:00
38,ratione debitis laborum,36,2,02/07/2024 13:00
39,voluptate id dignissimos,41,2,02/07/2024 13:00
40,tempore quod possimus,42,2,02/07/2024 14:00
41,corporis ut necessitatibus,43,2,02/07/2024 14:00
42,culpa aut aut,47,2,02/07/2024 14:00
43,rem quia et,48,2,02/07/2024 15:00
44,eaque dolor velit,54,2,02/07/2024 15:00
45,non odit rerum,57,2,02/07/2024 15:00
46,accusamus nobis quod,60,2,02/07/2024 15:00
47,beatae dicta recusandae,65,2,02/07/2024 15:00
48,culpa a ut,66,2,02/07/2024 16:00
49,quis aliquam velit,71,2,02/07/2024 16:00
50,aspernatur occaecati tempore,75,2,02/07/2024 17:00
51,vel eos et,76,2,02/07/2024 17:00
52,quam fugiat tempore,82,2,02/07/2024 17:00
53,dolor alias aut,85,2,02/07/2024 17:00
54,ut in eaque,87,2,02/07/2024 17:00
55,totam nostrum dicta,91,2,02/07/2024 17:00
56,in saepe sit,95,2,02/07/2024 17:00
57,necessitatibus ipsam et,5,3,02/07/2024 18:00
58,non reiciendis nam,14,3,02/07/2024 18:00
59,modi magnam quia,15,3,02/07/2024 18:00
60,architecto tempora natus,21,3,02/07/2024 18:00
61,molestiae iure ullam,24,3,02/07/2024 18:00
62,adipisci aut dicta,27,3,02/07/2024 19:00
63,quia dolores voluptatem,35,3,02/07/2024 19:00
64,incidunt suscipit et,36,3,02/07/2024 19:00
65,rerum vel ut,37,3,02/07/2024 19:00
66,aperiam delectus odio,38,3,02/07/2024 19:00
67,dicta inventore ea,41,3,02/07/2024 20:00
68,quos est quia,43,3,02/07/2024 20:00
69,minima est odio,44,3,02/07/2024 20:00
70,libero odit aut,50,3,02/07/2024 20:00
71,quia et quod,54,3,02/07/2024 20:00
72,nobis pariatur qui,57,3,02/07/2024 20:00
73,nostrum fugiat et,62,3,02/07/2024 20:00
74,iusto et eius,63,3,02/07/2024 20:00
75,et placeat ipsam,66,3,02/07/2024 21:00
76,placeat repudiandae sit,67,3,02/07/2024 21:00
77,natus sit harum,70,3,02/07/2024 22:00
78,consectetur qui at,71,3,02/07/2024 22:00
79,reiciendis reiciendis ad,75,3,02/07/2024 22:00
80,dolores accusantium sint,76,3,02/07/2024 22:00
81,cum adipisci alias,79,3,02/07/2024 22:00
82,facere dicta est,91,3,02/07/2024 23:00
83,temporibus qui error,97,3,02/07/2024 23:00
84,aut rem officia,5,4,02/07/2024 23:00
85,rerum ea harum,6,4,02/07/2024 23:00
86,laboriosam eos a,8,4,02/07/2024 23:00
87,laboriosam aut occaecati,11,4,02/07/2024 23:00
88,alias sapiente dolore,14,4,02/07/2024 23:00
89,aut voluptatem distinctio,15,4,02/07/2024 23:00
90,error voluptatum eius,18,4,03/07/2024 00:00
91,magni magni aspernatur,20,4,03/07/2024 00:00
92,laboriosam quidem numquam,21,4,03/07/2024 01:00
93,ut possimus distinctio,22,4,03/07/2024 01:00
94,molestiae veritatis aut,24,4,03/07/2024 01:00
95,vitae iusto labore,26,4,03/07/2024 01:00
96,id assumenda excepturi,33,4,03/07/2024 01:00
97,animi ea distinctio,36,4,03/07/2024 01:00
98,eaque sint veritatis,41,4,03/07/2024 01:00
99,expedita exercitationem officiis,42,4,03/07/2024 01:00
100,cupiditate qui facere,47,4,03/07/2024 01:00
101,est ut quisquam,50,4,03/07/2024 02:00
102,provident et vel,54,4,03/07/2024 02:00
103,similique autem quia,57,4,03/07/2024 02:00
104,dolorum exercitationem tempora,66,4,03/07/2024 02:00
105,incidunt aut perspiciatis,67,4,03/07/2024 02:00
106,occaecati assumenda voluptas,71,4,03/07/2024 02:00
107,vel ipsam ut,75,4,03/07/2024 02:00
108,ea autem assumenda,76,4,03/07/2024 03:00
109,quia facilis non,79,4,03/07/2024 03:00
110,perspiciatis et sit,85,4,03/07/2024 03:00
111,voluptatem possimus ea,91,4,03/07/2024 04:00
112,molestiae perferendis quaerat,95,4,03/07/2024 04:00
113,error consectetur dolor,97,4,03/07/2024 04:00
114,molestiae quia pariatur,98,4,03/07/2024 04:00
115,quia omnis ab,100,4,03/07/2024 04:00
116,doloremque sit totam,5,5,03/07/2024 04:00
117,aliquid at eum,14,5,03/07/2024 04:00
118,at est ipsam,17,5,03/07/2024 05:00
119,optio quidem dolor,21,5,03/07/2024 05:00
120,dolores voluptates sit,22,5,03/07/2024 05:00
121,molestiae hic est,24,5,03/07/2024 05:00
122,possimus quia adipisci,26,5,03/07/2024 05:00
123,nostrum modi minima,28,5,03/07/2024 05:00
124,aperiam sint aut,36,5,03/07/2024 05:00
125,iusto tempora at,41,5,03/07/2024 05:00
126,quae et ratione,42,5,03/07/2024 05:00
127,consequatur magnam ut,44,5,03/07/2024 06:00
128,perspiciatis dolorum ad,48,5,03/07/2024 06:00
129,ipsa excepturi neque,54,5,03/07/2024 06:00
130,explicabo nulla sed,57,5,03/07/2024 06:00
131,nihil voluptas eligendi,60,5,03/07/2024 06:00
132,porro doloribus corporis,66,5,03/07/2024 06:00
133,libero ut eveniet,71,5,03/07/2024 07:00
134,enim ut et,72,5,03/07/2024 07:00
135,non cumque aliquam,75,5,03/07/2024 07:00
136,rerum amet assumenda,76,5,03/07/2024 07:00
137,omnis nihil eligendi,79,5,03/07/2024 07:00
138,officiis nulla beatae,84,5,03/07/2024 07:00
139,vitae qui voluptates,91,5,03/07/2024 07:00
140,ut non ipsam,94,5,03/07/2024 07:00
141,nostrum nam et,95,5,03/07/2024 07:00
142,rerum repellendus voluptas,97,5,03/07/2024 08:00
143,modi ut unde,5,6,03/07/2024 08:00
144,illum rem dignissimos,6,6,03/07/2024 08:00
145,vero quis aliquam,11,6,03/07/2024 08:00
146,ipsam numquam iure,14,6,03/07/2024 08:00
147,atque porro cum,19,6,03/07/2024 09:00
148,delectus delectus qui,21,6,03/07/2024 09:00
149,quisquam itaque quisquam,24,6,03/07/2024 09:00
150,voluptatem error repellendus,26,6,03/07/2024 09:00
151,provident facilis esse,36,6,03/07/2024 09:00
152,sed quia iure,41,6,03/07/2024 09:00
153,incidunt ipsum voluptatem,46,6,03/07/2024 09:00
154,eveniet reprehenderit repellendus,47,6,03/07/2024 09:00
155,quo veritatis error,52,6,03/07/2024 09:00
156,vel quasi vel,54,6,03/07/2024 09:00
157,ullam ullam nam,57,6,03/07/2024 09:00
158,rerum deserunt nisi,61,6,03/07/2024 09:00
159,voluptatem id molestiae,62,6,03/07/2024 10:00
160,consequuntur accusamus eligendi,66,6,03/07/2024 10:00
161,velit fuga voluptates,71,6,03/07/2024 10:00
162,consequatur provident ratione,73,6,03/07/2024 10:00
163,impedit explicabo veniam,75,6,03/07/2024 10:00
164,magnam tempora voluptas,76,6,03/07/2024 10:00
165,aliquam ut architecto,78,6,03/07/2024 10:00
166,qui error ut,84,6,03/07/2024 10:00
167,consectetur quia perferendis,91,6,03/07/2024 10:00
168,autem atque nam,93,6,03/07/2024 10:00
169,nulla laboriosam deserunt,97,6,03/07/2024 10:00
170,qui deleniti incidunt,99,6,03/07/2024 10:00
171,sed voluptas esse,100,6,03/07/2024 10:00
172,ea nam laudantium,5,7,03/07/2024 11:00
173,veritatis aliquam occaecati,9,7,03/07/2024 11:00
174,vel quo voluptatem,10,7,03/07/2024 11:00
175,ut ut quisquam,11,7,03/07/2024 11:00
176,repellat quod odio,14,7,03/07/2024 11:00
177,porro magnam perspiciatis,19,7,03/07/2024 11:00
178,quo ex quis,21,7,03/07/2024 11:00
179,sunt deleniti delectus,24,7,03/07/2024 11:00
180,dignissimos facilis consequatur,27,7,03/07/2024 11:00
181,est repellat dolore,33,7,03/07/2024 11:00
182,impedit quia enim,36,7,03/07/2024 11:00
183,porro pariatur omnis,40,7,03/07/2024 12:00
184,alias dolore sed,41,7,03/07/2024 12:00
185,asperiores ipsum ipsam,42,7,03/07/2024 12:00
186,quos ut deserunt,54,7,03/07/2024 12:00
187,assumenda dolorem similique,56,7,03/07/2024 12:00
188,rem voluptas laboriosam,57,7,03/07/2024 12:00
189,similique quisquam similique,63,7,03/07/2024 12:00
190,dolorem tempore iusto,66,7,03/07/2024 12:00
191,natus minima veritatis,70,7,03/07/2024 12:00
192,repellat ut est,71,7,03/07/2024 12:00
193,excepturi consequatur qui,75,7,03/07/2024 12:00
194,sapiente adipisci aliquam,76,7,03/07/2024 12:00
195,et quidem iusto,87,7,03/07/2024 12:00
196,recusandae quos laudantium,91,7,03/07/2024 12:00
197,fugiat ipsa molestiae,92,7,03/07/2024 12:00
198,doloribus porro neque,97,7,03/07/2024 12:00
199,debitis id ullam,2,8,03/07/2024 12:00
200,ad exercitationem qui,5,8,03/07/2024 13:00
201,tenetur ab quia,8,8,03/07/2024 13:00
202,dolores dolor voluptates,14,8,03/07/2024 13:00
203,ad soluta eveniet,17,8,03/07/2024 13:00
204,eum dicta temporibus,19,8,03/07/2024 13:00
205,iusto quibusdam quo,21,8,03/07/2024 13:00
206,laboriosam illum nobis,24,8,03/07/2024 13:00
207,ad consequatur id,27,8,03/07/2024 13:00
208,dolorem non explicabo,30,8,03/07/2024 13:00
209,magni nobis voluptas,32,8,03/07/2024 14:00
210,occaecati quia recusandae,33,8,03/07/2024 14:00
211,eaque dolore quaerat,36,8,03/07/2024 14:00
212,eum voluptatem non,37,8,03/07/2024 14:00
213,sequi veritatis sint,39,8,03/07/2024 14:00
214,fugiat ipsam rerum,41,8,03/07/2024 14:00
215,iure est error,43,8,03/07/2024 14:00
216,dolores ab cum,44,8,03/07/2024 14:00
217,rem occaecati autem,46,8,03/07/2024 14:00
218,magni ea temporibus,52,8,03/07/2024 14:00
219,voluptas neque possimus,54,8,03/07/2024 14:00
220,ut quia ipsam,56,8,03/07/2024 14:00
221,non dolor reiciendis,57,8,03/07/2024 15:00
222,ex nesciunt ex,63,8,03/07/2024 15:00
223,animi earum explicabo,66,8,03/07/2024 15:00
224,est numquam repellendus,71,8,03/07/2024 15:00
225,ullam ut porro,72,8,03/07/2024 15:00
226,ea fuga occaecati,73,8,03/07/2024 15:00
227,laboriosam ratione excepturi,75,8,03/07/2024 15:00
228,voluptatem in ut,76,8,03/07/2024 15:00
229,sequi nobis placeat,82,8,03/07/2024 15:00
230,voluptate labore sunt,84,8,03/07/2024 15:00
231,quos modi est,85,8,03/07/2024 15:00
232,veritatis odit sit,91,8,03/07/2024 16:00
233,nostrum omnis maxime,93,8,03/07/2024 16:00
234,est modi exercitationem,94,8,03/07/2024 16:00
235,ullam totam quia,96,8,03/07/2024 16:00
236,impedit enim quis,100,8,03/07/2024 16:00
237,earum et dolorem,2,9,03/07/2024 16:00
238,et qui dolorem,3,9,03/07/2024 16:00
239,iure eveniet laboriosam,5,9,03/07/2024 16:00
240,vel dicta voluptate,14,9,03/07/2024 16:00
241,ut illum optio,19,9,03/07/2024 16:00
242,rerum doloribus voluptas,21,9,03/07/2024 17:00
243,quia nobis rerum,24,9,03/07/2024 17:00
244,tempore nihil qui,26,9,03/07/2024 17:00
245,neque ipsam nemo,36,9,03/07/2024 17:00
246,a deserunt suscipit,40,9,03/07/2024 17:00
247,accusantium aliquid perspiciatis,41,9,03/07/2024 17:00
248,odio aut non,50,9,03/07/2024 17:00
249,blanditiis qui reiciendis,54,9,03/07/2024 17:00
250,voluptatibus sit iure,57,9,03/07/2024 17:00
251,minus quos eum,61,9,03/07/2024 18:00
252,ipsam dolor amet,65,9,03/07/2024 18:00
253,ullam voluptas dolorem,66,9,03/07/2024 18:00
254,esse esse porro,69,9,03/07/2024 18:00
255,et velit et,71,9,03/07/2024 18:00
256,voluptatem ut quasi,75,9,03/07/2024 18:00
257,et facere soluta,76,9,03/07/2024 18:00
258,similique facere maiores,85,9,03/07/2024 18:00
259,officia ut voluptatem,91,9,03/07/2024 18:00
260,debitis nisi doloremque,95,9,03/07/2024 18:00
261,et non odio,98,9,03/07/2024 18:00
262,iure veniam corporis,2,10,03/07/2024 18:00
263,explicabo qui sit,5,10,03/07/2024 18:00
264,quis autem qui,9,10,03/07/2024 18:00
265,pariatur maxime voluptatem,12,10,03/07/2024 19:00
266,voluptatem rerum vel,14,10,03/07/2024 19:00
267,magnam ut dolore,21,10,03/07/2024 19:00
268,soluta ipsum iusto,24,10,03/07/2024 19:00
269,nihil eligendi quia,26,10,03/07/2024 19:00
270,commodi aspernatur tempora,36,10,03/07/2024 19:00
271,sint et aliquid,38,10,03/07/2024 19:00
272,dolor quisquam ut,41,10,03/07/2024 19:00
273,doloribus aut ut,46,10,03/07/2024 19:00
274,excepturi et quaerat,54,10,03/07/2024 19:00
275,soluta voluptate iste,57,10,03/07/2024 19:00
276,veniam nihil saepe,66,10,03/07/2024 19:00
277,et illo ratione,67,10,03/07/2024 19:00
278,minus qui nobis,71,10,03/07/2024 20:00
279,hic repudiandae voluptates,73,10,03/07/2024 20:00
280,pariatur eaque ratione,75,10,03/07/2024 20:00
281,qui eveniet aliquam,76,10,03/07/2024 20:00
282,corporis explicabo temporibus,84,10,03/07/2024 20:00
283,illo tempora sunt,87,10,03/07/2024 20:00
284,est iure sed,91,10,03/07/2024 20:00
285,iusto aliquid ut,100,10,03/07/2024 20:00
286,consectetur iste ex,3,11,03/07/2024 20:00
287,rerum et omnis,5,11,03/07/2024 21:00
288,doloribus cupiditate eos,14,11,03/07/2024 21:00
289,sequi corrupti beatae,20,11,03/07/2024 21:00
290,ipsum suscipit blanditiis,21,11,03/07/2024 21:00
291,placeat est dolore,24,11,03/07/2024 21:00
292,quae perspiciatis in,27,11,03/07/2024 21:00
293,voluptatibus aut ut,31,11,03/07/2024 21:00
294,ut voluptatem minus,36,11,03/07/2024 21:00
295,repellat dolorum alias,38,11,03/07/2024 21:00
296,modi suscipit voluptatum,41,11,03/07/2024 21:00
297,neque excepturi veritatis,50,11,03/07/2024 21:00
298,vel ut iste,52,11,03/07/2024 21:00
299,voluptatum culpa vero,54,11,03/07/2024 21:00
300,corporis eius neque,55,11,03/07/2024 21:00
301,corporis et aliquid,57,11,03/07/2024 21:00
302,molestiae cumque culpa,66,11,03/07/2024 21:00
303,molestiae dolor exercitationem,71,11,03/07/2024 22:00
304,ut quia voluptate,73,11,03/07/2024 22:00
305,illo dolor qui,75,11,03/07/2024 22:00
306,eos consectetur reiciendis,76,11,03/07/2024 22:00
307,quia et inventore,78,11,03/07/2024 22:00
308,cumque quibusdam veniam,82,11,03/07/2024 22:00
309,eum voluptas enim,84,11,03/07/2024 22:00
310,quos numquam quia,91,11,03/07/2024 22:00
311,ut dolore maxime,92,11,03/07/2024 22:00
312,eos et saepe,99,11,03/07/2024 22:00
313,sit quis fugiat,5,12,03/07/2024 22:00
314,vitae cum qui,14,12,03/07/2024 22:00
315,corrupti ut repellendus,17,12,03/07/2024 22:00
316,atque minima fuga,18,12,03/07/2024 22:00
317,aut molestias accusamus,21,12,03/07/2024 22:00
318,saepe nihil quisquam,22,12,03/07/2024 23:00
319,sed perferendis et,24,12,03/07/2024 23:00
320,atque perferendis eius,32,12,03/07/2024 23:00
321,reprehenderit nihil doloremque,36,12,03/07/2024 23:00
322,voluptatem distinctio placeat,37,12,03/07/2024 23:00
323,at aut ipsam,38,12,03/07/2024 23:00
324,eos fugit asperiores,40,12,03/07/2024 23:00
325,et consequatur ipsum,41,12,03/07/2024 23:00
326,a animi aut,44,12,03/07/2024 23:00
327,nihil incidunt culpa,54,12,03/07/2024 23:00
328,non cum totam,57,12,03/07/2024 23:00
329,iure minima sit,63,12,03/07/2024 23:00
330,ut consequuntur quidem,66,12,03/07/2024 23:00
331,quae est debitis,69,12,03/07/2024 23:00
332,quidem reprehenderit excepturi,71,12,03/07/2024 23:00
333,cum facilis incidunt,73,12,03/07/2024 23:00
334,accusamus iste fuga,75,12,03/07/2024 23:00
335,eligendi error beatae,76,12,03/07/2024 23:00
336,reprehenderit dicta et,78,12,04/07/2024 00:00
337,est quibusdam necessitatibus,91,12,04/07/2024 00:00
338,vel laboriosam consectetur,98,12,04/07/2024 00:00
339,sit provident quis,99,12,04/07/2024 00:00
340,unde magnam est,2,13,04/07/2024 00:00
341,repellendus iste eos,5,13,04/07/2024 00:00
342,tempore debitis ad,9,13,04/07/2024 00:00
343,sint in officia,10,13,04/07/2024 00:00
344,deserunt libero dolor,12,13,04/07/2024 00:00
345,vitae quia est,13,13,04/07/2024 00:00
346,aliquid distinctio reprehenderit,14,13,04/07/2024 00:00
347,et sapiente ullam,16,13,04/07/2024 00:00
348,ab delectus nam,17,13,04/07/2024 00:00
349,omnis quo dignissimos,21,13,04/07/2024 00:00
350,perferendis possimus officiis,24,13,04/07/2024 00:00
351,facere eum harum,28,13,04/07/2024 00:00
352,officia atque ut,31,13,04/07/2024 00:00
353,debitis a placeat,32,13,04/07/2024 01:00
354,ut vel pariatur,35,13,04/07/2024 01:00
355,fugit neque nesciunt,36,13,04/07/2024 01:00
356,doloremque expedita et,39,13,04/07/2024 01:00
357,illo rerum aliquam,41,13,04/07/2024 01:00
358,earum ut eius,47,13,04/07/2024 01:00
359,tempora unde veniam,50,13,04/07/2024 01:00
360,ea dolore occaecati,52,13,04/07/2024 01:00
361,suscipit vel excepturi,54,13,04/07/2024 01:00
362,in debitis assumenda,57,13,04/07/2024 01:00
363,libero consequatur ullam,60,13,04/07/2024 01:00
364,iste et voluptatum,62,13,04/07/2024 02:00
365,laudantium earum quia,65,13,04/07/2024 02:00
366,voluptatibus natus ut,66,13,04/07/2024 02:00
367,eos eum pariatur,70,13,04/07/2024 02:00
368,velit est dignissimos,71,13,04/07/2024 02:00
369,illo nisi voluptatibus,73,13,04/07/2024 02:00
370,tenetur cum sapiente,75,13,04/07/2024 02:00
371,excepturi autem aut,76,13,04/07/2024 02:00
372,iure ducimus ea,79,13,04/07/2024 02:00
373,est architecto corrupti,82,13,04/07/2024 02:00
374,ullam et cum,91,13,04/07/2024 02:00
375,impedit cumque exercitationem,93,13,04/07/2024 03:00
376,aut vel minus,94,13,04/07/2024 03:00
377,est assumenda et,98,13,04/07/2024 03:00
378,minus consequatur doloremque,99,13,04/07/2024 03:00
379,omnis esse necessitatibus,5,14,04/07/2024 03:00
380,enim quia similique,14,14,04/07/2024 03:00
381,aut tempora quos,15,14,04/07/2024 03:00
382,consectetur dolorem voluptatem,21,14,04/07/2024 03:00
383,officiis ut non,22,14,04/07/2024 03:00
384,inventore aspernatur voluptatibus,24,14,04/07/2024 03:00
385,sunt delectus iusto,30,14,04/07/2024 03:00
386,quis earum sed,32,14,04/07/2024 03:00
387,quis facere deleniti,35,14,04/07/2024 04:00
388,voluptas culpa quod,36,14,04/07/2024 04:00
389,quos facere maxime,41,14,04/07/2024 04:00
390,optio culpa veritatis,46,14,04/07/2024 04:00
391,animi dolorum soluta,52,14,04/07/2024 04:00
392,sint veritatis ut,54,14,04/07/2024 04:00
393,ratione non minima,57,14,04/07/2024 04:00
394,dolorem nesciunt debitis,66,14,04/07/2024 04:00
395,ut ea pariatur,69,14,04/07/2024 04:00
396,esse earum et,71,14,04/07/2024 05:00
397,quibusdam officia veniam,75,14,04/07/2024 05:00
398,praesentium dolorum aspernatur,76,14,04/07/2024 05:00
399,aliquid quos dolorem,87,14,04/07/2024 05:00
400,libero tempora odio,91,14,04/07/2024 05:00
401,minima quod nostrum,92,14,04/07/2024 05:00
402,beatae repellendus voluptas,94,14,04/07/2024 05:00
403,enim hic aut,98,14,04/07/2024 05:00
404,enim beatae id,99,14,04/07/2024 05:00
405,illo quibusdam a,100,14,04/07/2024 05:00
406,et commodi dicta,4,15,04/07/2024 05:00
407,quo molestiae nemo,5,15,04/07/2024 05:00
408,labore delectus rerum,9,15,04/07/2024 05:00
409,qui voluptates pariatur,13,15,04/07/2024 06:00
410,expedita sunt rerum,14,15,04/07/2024 06:00
411,et id qui,21,15,04/07/2024 06:00
412,labore enim ut,22,15,04/07/2024 06:00
413,labore voluptas ab,24,15,04/07/2024 06:00
414,in quaerat facere,28,15,04/07/2024 06:00
415,doloremque commodi rem,32,15,04/07/2024 06:00
416,beatae assumenda in,35,15,04/07/2024 06:00
417,qui occaecati occaecati,36,15,04/07/2024 06:00
418,totam vero ut,37,15,04/07/2024 06:00
419,optio ut explicabo,41,15,04/07/2024 06:00
420,aut quia nostrum,44,15,04/07/2024 06:00
421,culpa veniam quia,46,15,04/07/2024 06:00
422,sit sint sapiente,52,15,04/07/2024 07:00
423,ea voluptas aut,54,15,04/07/2024 07:00
424,maxime quia porro,57,15,04/07/2024 07:00
425,quas nobis aspernatur,63,15,04/07/2024 07:00
426,et molestiae non,66,15,04/07/2024 07:00
427,enim perferendis eum,71,15,04/07/2024 07:00
428,animi dolor numquam,72,15,04/07/2024 07:00
429,in veritatis cupiditate,75,15,04/07/2024 07:00
430,et modi voluptatem,76,15,04/07/2024 07:00
431,dolorem non fugiat,87,15,04/07/2024 07:00
432,quam non sit,91,15,04/07/2024 07:00
433,et illo facilis,96,15,04/07/2024 07:00
434,ipsum maxime sapiente,5,16,04/07/2024 07:00
435,nesciunt voluptas velit,11,16,04/07/2024 07:00
436,rerum id debitis,14,16,04/07/2024 08:00
437,accusamus ducimus sunt,18,16,04/07/2024 08:00
438,ipsam tempore aut,21,16,04/07/2024 08:00
439,esse quo eveniet,24,16,04/07/2024 08:00
440,a tenetur rem,31,16,04/07/2024 08:00
441,delectus alias vel,36,16,04/07/2024 08:00
442,omnis pariatur doloremque,41,16,04/07/2024 08:00
443,et ut nihil,42,16,04/07/2024 08:00
444,nihil reiciendis laboriosam,54,16,04/07/2024 08:00
445,et et nemo,57,16,04/07/2024 08:00
446,nesciunt voluptatum est,62,16,04/07/2024 08:00
447,unde in quos,63,16,04/07/2024 08:00
448,ipsam distinctio quidem,66,16,04/07/2024 08:00
449,quis autem dolore,70,16,04/07/2024 08:00
450,dolore et quibusdam,71,16,04/07/2024 08:00
451,est accusantium iste,73,16,04/07/2024 09:00
452,dolore commodi animi,75,16,04/07/2024 09:00
453,repellendus expedita velit,76,16,04/07/2024 09:00
454,odio alias tenetur,82,16,04/07/2024 09:00
455,illo corrupti debitis,91,16,04/07/2024 09:00
456,eveniet odit repudiandae,5,17,04/07/2024 09:00
457,ipsam et tempora,14,17,04/07/2024 09:00
458,perspiciatis est facere,19,17,04/07/2024 09:00
459,et hic magni,21,17,04/07/2024 09:00
460,repellendus non aperiam,24,17,04/07/2024 09:00
461,quia voluptatibus exercitationem,26,17,04/07/2024 09:00
462,dolorem cumque qui,30,17,04/07/2024 09:00
463,ea aut rerum,31,17,04/07/2024 09:00
464,hic aut voluptates,33,17,04/07/2024 09:00
465,unde accusamus sint,36,17,04/07/2024 09:00
466,unde similique in,39,17,04/07/2024 10:00
467,consequatur culpa ducimus,40,17,04/07/2024 10:00
468,molestias voluptatem et,41,17,04/07/2024 10:00
469,pariatur iusto beatae,54,17,04/07/2024 10:00
470,voluptates qui saepe,57,17,04/07/2024 10:00
471,autem aut tempore,66,17,04/07/2024 10:00
472,et qui nulla,71,17,04/07/2024 10:00
473,soluta recusandae nemo,75,17,04/07/2024 10:00
474,optio praesentium id,76,17,04/07/2024 10:00
475,est aut fuga,84,17,04/07/2024 10:00
476,a velit blanditiis,87,17,04/07/2024 10:00
477,laudantium temporibus quis,91,17,04/07/2024 10:00
478,adipisci eos labore,96,17,04/07/2024 10:00
479,deleniti corrupti illum,5,18,04/07/2024 10:00
480,porro aut doloremque,14,18,04/07/2024 11:00
481,nihil ut soluta,16,18,04/07/2024 11:00
482,voluptatem quo quidem,18,18,04/07/2024 11:00
483,quia repellendus qui,21,18,04/07/2024 11:00
484,quaerat consectetur et,22,18,04/07/2024 11:00
485,et illo illum,24,18,04/07/2024 11:00
486,qui eveniet corporis,26,18,04/07/2024 11:00
487,vero similique accusantium,30,18,04/07/2024 11:00
488,quos itaque id,32,18,04/07/2024 11:00
489,consectetur et vel,36,18,04/07/2024 11:00
490,modi consequatur explicabo,41,18,04/07/2024 11:00
491,veniam tenetur vel,43,18,04/07/2024 11:00
492,autem fugiat illo,44,18,04/07/2024 11:00
493,ut ducimus dicta,48,18,04/07/2024 11:00
494,id ab ipsum,54,18,04/07/2024 11:00
495,fugit aspernatur saepe,55,18,04/07/2024 11:00
496,itaque dolorem autem,57,18,04/07/2024 11:00
497,sapiente ea nemo,66,18,04/07/2024 11:00
498,atque aliquid facere,71,18,04/07/2024 11:00
499,eaque inventore doloribus,75,18,04/07/2024 11:00
500,dolor est distinctio,76,18,04/07/2024 12:00
501,consequatur expedita magni,82,18,04/07/2024 12:00
502,optio ex alias,84,18,04/07/2024 12:00
503,molestias alias reprehenderit,91,18,04/07/2024 12:00
504,aperiam facilis fugiat,92,18,04/07/2024 12:00
505,atque tempore beatae,97,18,04/07/2024 12:00
506,culpa id ut,3,19,04/07/2024 12:00
507,et aspernatur deleniti,5,19,04/07/2024 12:00
508,vero fuga iure,11,19,04/07/2024 12:00
509,illum quo quis,12,19,04/07/2024 12:00
510,corporis ut corporis,14,19,04/07/2024 12:00
511,magnam aut sit,17,19,04/07/2024 12:00
512,dolores fugit nihil,18,19,04/07/2024 12:00
513,ipsum aut rerum,19,19,04/07/2024 12:00
514,vel laborum error,21,19,04/07/2024 12:00
515,autem sit cumque,22,19,04/07/2024 12:00
516,natus ut et,24,19,04/07/2024 13:00
517,quia perferendis minus,26,19,04/07/2024 13:00
518,architecto aliquid rerum,35,19,04/07/2024 13:00
519,dignissimos nisi reiciendis,36,19,04/07/2024 13:00
520,suscipit inventore eligendi,41,19,04/07/2024 13:00
521,quia occaecati quis,47,19,04/07/2024 13:00
522,perspiciatis ut molestiae,48,19,04/07/2024 13:00
523,sint vitae atque,54,19,04/07/2024 13:00
524,et ipsam vitae,56,19,04/07/2024 13:00
525,et eum ipsam,57,19,04/07/2024 13:00
526,vel et impedit,66,19,04/07/2024 13:00
527,suscipit consequatur excepturi,67,19,04/07/2024 13:00
528,perferendis dignissimos eligendi,70,19,04/07/2024 13:00
529,illo nostrum quam,71,19,04/07/2024 13:00
530,quae atque nobis,73,19,04/07/2024 13:00
531,voluptatem id est,75,19,04/07/2024 13:00
532,autem praesentium minus,76,19,04/07/2024 13:00
533,quam temporibus eum,91,19,04/07/2024 13:00
534,nesciunt saepe praesentium,93,19,04/07/2024 14:00
535,doloribus occaecati laborum,95,19,04/07/2024 14:00
536,dolorum qui odit,97,19,04/07/2024 14:00
537,a doloribus architecto,98,19,04/07/2024 14:00
538,ad nobis ipsum,99,19,04/07/2024 14:00
539,laudantium provident qui,100,19,04/07/2024 14:00
540,quod ipsam optio,2,20,04/07/2024 14:00
541,consectetur suscipit dolores,5,20,04/07/2024 14:00
542,consectetur natus provident,14,20,04/07/2024 14:00
543,voluptatibus dolorem ab,17,20,04/07/2024 14:00
544,laboriosam deserunt suscipit,21,20,04/07/2024 14:00
545,voluptatibus aliquid mollitia,24,20,04/07/2024 14:00
546,nostrum sed aliquid,36,20,04/07/2024 14:00
547,nihil qui omnis,41,20,04/07/2024 14:00
548,pariatur sunt est,43,20,04/07/2024 14:00
549,aut aut eaque,52,20,04/07/2024 14:00
550,qui sequi est,54,20,04/07/2024 14:00
551,odit sed omnis,56,20,04/07/2024 14:00
552,illo aut molestiae,57,20,04/07/2024 15:00
553,eligendi voluptatem cupiditate,60,20,04/07/2024 15:00
554,corrupti qui earum,66,20,04/07/2024 15:00
555,veniam qui cupiditate,67,20,04/07/2024 15:00
556,illum dolore est,71,20,04/07/2024 15:00
557,et enim debitis,73,20,04/07/2024 15:00
558,cum sed sit,75,20,04/07/2024 15:00
559,tempore ut voluptas,76,20,04/07/2024 15:00
560,vel fugit et,82,20,04/07/2024 15:00
561,ab sit dignissimos,85,20,04/07/2024 15:00
562,assumenda vel enim,91,20,04/07/2024 15:00
563,consequatur consequatur reiciendis,96,20,04/07/2024 15:00
564,distinctio quae fuga,97,20,04/07/2024 15:00
565,aliquid magnam dicta,98,20,04/07/2024 15:00
566,id in quaerat,3,21,04/07/2024 15:00
567,neque quos pariatur,4,21,04/07/2024 16:00
568,iusto enim excepturi,5,21,04/07/2024 16:00
569,consequatur libero pariatur,6,21,04/07/2024 16:00
570,ducimus non earum,8,21,04/07/2024 16:00
571,omnis praesentium nihil,14,21,04/07/2024 16:00
572,harum earum ut,17,21,04/07/2024 16:00
573,sed cum repellat,18,21,04/07/2024 16:00
574,esse adipisci praesentium,20,21,04/07/2024 16:00
575,modi quae ut,21,21,04/07/2024 16:00
576,incidunt et laudantium,24,21,04/07/2024 16:00
577,sunt excepturi esse,27,21,04/07/2024 16:00
578,qui a officiis,36,21,04/07/2024 16:00
579,necessitatibus sunt cumque,39,21,04/07/2024 16:00
580,est recusandae harum,41,21,04/07/2024 16:00
581,exercitationem nam molestias,48,21,04/07/2024 16:00
582,vitae corrupti et,54,21,04/07/2024 16:00
583,debitis omnis dolor,57,21,04/07/2024 16:00
584,dolor culpa inventore,65,21,04/07/2024 16:00
585,omnis aut delectus,66,21,04/07/2024 16:00
586,at accusantium et,70,21,04/07/2024 16:00
587,alias deleniti sequi,71,21,04/07/2024 16:00
588,ipsum aut et,75,21,04/07/2024 17:00
589,aut ut et,76,21,04/07/2024 17:00
590,saepe reprehenderit doloremque,79,21,04/07/2024 17:00
591,placeat quo ab,87,21,04/07/2024 17:00
592,vitae quia laudantium,91,21,04/07/2024 17:00
593,cupiditate ratione earum,97,21,04/07/2024 17:00
594,aut id reprehenderit,100,21,04/07/2024 17:00
595,non deleniti exercitationem,5,22,04/07/2024 17:00
596,nihil dolor suscipit,8,22,04/07/2024 17:00
597,quisquam dolore blanditiis,12,22,04/07/2024 17:00
598,accusamus et impedit,13,22,04/07/2024 17:00
599,enim similique veniam,14,22,04/07/2024 17:00
600,modi sint aliquam,16,22,04/07/2024 17:00
601,dolores inventore dolores,20,22,04/07/2024 17:00
602,quis ut hic,21,22,04/07/2024 17:00
603,sit voluptatibus atque,24,22,04/07/2024 18:00
604,aut et minima,26,22,04/07/2024 18:00
605,sint doloremque corrupti,31,22,04/07/2024 18:00
606,iure temporibus sed,36,22,04/07/2024 18:00
607,blanditiis eum eum,38,22,04/07/2024 18:00
608,illum non ab,40,22,04/07/2024 18:00
609,consequatur veniam est,41,22,04/07/2024 18:00
610,rerum adipisci et,43,22,04/07/2024 18:00
611,placeat dolor esse,46,22,04/07/2024 18:00
612,suscipit reprehenderit enim,52,22,04/07/2024 18:00
613,sit voluptas sed,54,22,04/07/2024 18:00
614,cum reprehenderit id,55,22,04/07/2024 18:00
615,est enim ut,57,22,04/07/2024 18:00
616,quam placeat esse,65,22,04/07/2024 18:00
617,veritatis explicabo corrupti,66,22,04/07/2024 19:00
618,et non facere,67,22,04/07/2024 19:00
619,officia ut non,71,22,04/07/2024 19:00
620,ut placeat omnis,72,22,04/07/2024 19:00
621,sunt harum nemo,75,22,04/07/2024 19:00
622,eligendi omnis nihil,76,22,04/07/2024 19:00
623,omnis voluptatem aliquid,79,22,04/07/2024 19:00
624,tempora ut cumque,82,22,04/07/2024 19:00
625,dolores omnis quae,91,22,04/07/2024 19:00
626,dolore tempore aperiam,94,22,04/07/2024 19:00
627,possimus fuga eveniet,97,22,04/07/2024 20:00
628,ut consequuntur nemo,99,22,04/07/2024 20:00
629,eligendi maiores et,2,23,04/07/2024 20:00
630,in aut voluptatem,5,23,04/07/2024 20:00
631,tenetur vel repudiandae,10,23,04/07/2024 20:00
632,sapiente unde sapiente,14,23,04/07/2024 20:00
633,cumque optio et,16,23,04/07/2024 20:00
634,accusantium rerum aut,21,23,04/07/2024 20:00
635,laboriosam quae ea,22,23,04/07/2024 20:00
636,molestias corporis qui,24,23,04/07/2024 20:00
637,dolorem ut sint,28,23,04/07/2024 21:00
638,ea eligendi voluptatem,31,23,04/07/2024 21:00
639,ut sequi asperiores,36,23,04/07/2024 21:00
640,sint nihil aut,38,23,04/07/2024 21:00
641,dicta fuga molestiae,41,23,04/07/2024 21:00
642,est hic est,42,23,04/07/2024 21:00
643,et dignissimos ratione,54,23,04/07/2024 21:00
644,neque aut odio,57,23,04/07/2024 21:00
645,beatae et et,66,23,04/07/2024 21:00
646,reiciendis ad ducimus,70,23,04/07/2024 21:00
647,laboriosam aliquid tenetur,71,23,04/07/2024 21:00
648,quam et eum,73,23,04/07/2024 22:00
649,ullam et molestiae,75,23,04/07/2024 22:00
650,suscipit beatae quod,76,23,04/07/2024 22:00
651,in earum ea,78,23,04/07/2024 22:00
652,similique enim ut,82,23,04/07/2024 22:00
653,aut fugiat voluptas,91,23,04/07/2024 22:00
654,aperiam praesentium et,93,23,04/07/2024 22:00
655,aut ea consectetur,5,24,04/07/2024 22:00
656,animi qui unde,9,24,04/07/2024 22:00
657,suscipit laborum omnis,10,24,04/07/2024 22:00
658,aliquam omnis a,14,24,04/07/2024 22:00
659,ut laudantium sint,15,24,04/07/2024 22:00
660,occaecati quas odit,17,24,04/07/2024 22:00
661,corrupti officia molestias,20,24,04/07/2024 22:00
662,autem laudantium nisi,21,24,04/07/2024 22:00
663,eos inventore sit,24,24,04/07/2024 22:00
664,aspernatur voluptatum et,27,24,04/07/2024 22:00
665,pariatur dolor voluptas,28,24,04/07/2024 23:00
666,est culpa at,36,24,04/07/2024 23:00
667,labore enim vitae,41,24,04/07/2024 23:00
668,sit corrupti asperiores,43,24,04/07/2024 23:00
669,vel quo vitae,47,24,04/07/2024 23:00
670,nulla quia tempora,50,24,04/07/2024 23:00
671,reiciendis et error,54,24,04/07/2024 23:00
672,eos nisi enim,57,24,05/07/2024 00:00
673,deleniti nulla veritatis,60,24,05/07/2024 00:00
674,nesciunt commodi eos,66,24,05/07/2024 00:00
675,numquam fugiat voluptate,67,24,05/07/2024 00:00
676,quis ullam itaque,71,24,05/07/2024 00:00
677,aliquam quia dolores,75,24,05/07/2024 00:00
678,quia et quibusdam,76,24,05/07/2024 00:00
679,architecto atque sapiente,91,24,05/07/2024 00:00
680,esse iste architecto,95,24,05/07/2024 00:00
681,et et et,4,25,05/07/2024 00:00
682,laudantium et hic,5,25,05/07/2024 01:00
683,quibusdam dolore quas,6,25,05/07/2024 01:00
684,reiciendis dolores laudantium,9,25,05/07/2024 01:00
685,dolor illum veritatis,13,25,05/07/2024 01:00
686,qui tempora totam,14,25,05/07/2024 01:00
687,eveniet inventore itaque,21,25,05/07/2024 01:00
688,officia explicabo amet,24,25,05/07/2024 01:00
689,est doloribus asperiores,28,25,05/07/2024 01:00
690,vel assumenda voluptas,36,25,05/07/2024 01:00
691,commodi recusandae et,39,25,05/07/2024 01:00
692,fugit aut amet,41,25,05/07/2024 01:00
693,aut et consequatur,46,25,05/07/2024 01:00
694,blanditiis voluptatem incidunt,48,25,05/07/2024 01:00
695,exercitationem saepe atque,50,25,05/07/2024 02:00
696,in quam vitae,52,25,05/07/2024 02:00
697,alias et qui,54,25,05/07/2024 02:00
698,consequatur facilis unde,55,25,05/07/2024 02:00
699,voluptas voluptatem ab,57,25,05/07/2024 02:00
700,sit nesciunt minima,66,25,05/07/2024 02:00
701,libero pariatur dolorum,67,25,05/07/2024 02:00
702,minima fugit ab,71,25,05/07/2024 02:00
703,atque non dolores,72,25,05/07/2024 02:00
704,fugiat repudiandae adipisci,75,25,05/07/2024 02:00
705,ut architecto est,76,25,05/07/2024 02:00
706,quibusdam aut quisquam,78,25,05/07/2024 02:00
707,assumenda rerum ea,79,25,05/07/2024 03:00
708,id qui quo,84,25,05/07/2024 03:00
709,quidem consectetur illum,85,25,05/07/2024 03:00
710,necessitatibus aperiam voluptas,91,25,05/07/2024 03:00
711,dolor amet qui,96,25,05/07/2024 03:00
712,similique similique fuga,97,25,05/07/2024 03:00
713,aut quia similique,98,25,05/07/2024 03:00
714,voluptas ducimus consequatur,5,26,05/07/2024 04:00
715,voluptatem non sit,8,26,05/07/2024 04:00
716,quidem officia aliquid,11,26,05/07/2024 04:00
717,aut fuga et,13,26,05/07/2024 04:00
718,est velit molestiae,14,26,05/07/2024 04:00
719,ipsum accusamus dolorem,15,26,05/07/2024 04:00
720,eveniet nulla minus,17,26,05/07/2024 04:00
721,debitis accusantium laboriosam,18,26,05/07/2024 04:00
722,temporibus ea porro,20,26,05/07/2024 04:00
723,vel sed omnis,21,26,05/07/2024 04:00
724,molestiae ea soluta,24,26,05/07/2024 04:00
725,pariatur ut quia,27,26,05/07/2024 04:00
726,cupiditate enim non,30,26,05/07/2024 04:00
727,ab pariatur ut,33,26,05/07/2024 04:00
728,et voluptatibus est,35,26,05/07/2024 04:00
729,rerum corporis sapiente,36,26,05/07/2024 05:00
730,earum et dolorum,39,26,05/07/2024 05:00
731,et neque adipisci,41,26,05/07/2024 05:00
732,voluptas est ea,54,26,05/07/2024 05:00
733,id dignissimos dolor,55,26,05/07/2024 05:00
734,accusantium ab maxime,57,26,05/07/2024 05:00
735,unde quam laudantium,66,26,05/07/2024 05:00
736,omnis quod sit,70,26,05/07/2024 05:00
737,deserunt ea tenetur,71,26,05/07/2024 05:00
738,ut quam doloremque,75,26,05/07/2024 05:00
739,non quod vero,76,26,05/07/2024 05:00
740,porro illo reprehenderit,78,26,05/07/2024 05:00
741,ea et sapiente,82,26,05/07/2024 05:00
742,et beatae iusto,87,26,05/07/2024 05:00
743,dolorem reiciendis repellendus,91,26,05/07/2024 05:00
744,enim harum veniam,98,26,05/07/2024 06:00
745,voluptatem veniam nam,99,26,05/07/2024 06:00
746,aspernatur consectetur ea,100,26,05/07/2024 06:00
747,et odit quidem,3,27,05/07/2024 06:00
748,labore et saepe,4,27,05/07/2024 06:00
749,est et dolores,5,27,05/07/2024 06:00
750,occaecati cupiditate dolore,10,27,05/07/2024 06:00
751,placeat aut amet,14,27,05/07/2024 06:00
752,asperiores doloribus odit,18,27,05/07/2024 06:00
753,quaerat ad rerum,20,27,05/07/2024 07:00
754,ut ipsam quisquam,21,27,05/07/2024 07:00
755,voluptatem sed quas,24,27,05/07/2024 07:00
756,temporibus sunt atque,31,27,05/07/2024 07:00
757,officiis in consequatur,36,27,05/07/2024 07:00
758,tempora ex blanditiis,41,27,05/07/2024 07:00
759,non ut in,42,27,05/07/2024 07:00
760,omnis qui voluptate,54,27,05/07/2024 07:00
761,quia consequuntur nostrum,57,27,05/07/2024 07:00
762,et suscipit veritatis,66,27,05/07/2024 07:00
763,maiores rerum ut,69,27,05/07/2024 07:00
764,quasi et vel,71,27,05/07/2024 07:00
765,aliquid ut totam,72,27,05/07/2024 07:00
766,aspernatur et illo,75,27,05/07/2024 07:00
767,necessitatibus facere autem,76,27,05/07/2024 08:00
768,earum dolores optio,78,27,05/07/2024 08:00
769,facilis id eligendi,84,27,05/07/2024 08:00
770,et consequatur ea,91,27,05/07/2024 08:00
771,facilis culpa voluptatibus,93,27,05/07/2024 08:00
772,earum ratione perspiciatis,97,27,05/07/2024 08:00
773,vel autem officiis,98,27,05/07/2024 08:00
774,doloremque voluptatem omnis,5,28,05/07/2024 08:00
775,mollitia perspiciatis et,13,28,05/07/2024 08:00
776,maiores placeat autem,14,28,05/07/2024 08:00
777,eos sit quidem,15,28,05/07/2024 08:00
778,dolorum dignissimos quia,21,28,05/07/2024 08:00
779,quam alias sed,24,28,05/07/2024 08:00
780,et qui dolores,28,28,05/07/2024 08:00
781,ex dolorum sequi,30,28,05/07/2024 08:00
782,aut vel dolores,32,28,05/07/2024 09:00
783,quos soluta est,35,28,05/07/2024 09:00
784,aspernatur et quia,36,28,05/07/2024 09:00
785,accusantium nesciunt dolores,41,28,05/07/2024 09:00
786,unde velit dolor,47,28,05/07/2024 09:00
787,soluta maxime expedita,50,28,05/07/2024 09:00
788,aperiam optio possimus,54,28,05/07/2024 09:00
789,nostrum earum quisquam,57,28,05/07/2024 09:00
790,optio quibusdam et,60,28,05/07/2024 10:00
791,in deserunt asperiores,61,28,05/07/2024 10:00
792,voluptatem est tempore,63,28,05/07/2024 10:00
793,omnis velit id,66,28,05/07/2024 10:00
794,molestiae laudantium ratione,67,28,05/07/2024 10:00
795,debitis aliquid aperiam,71,28,05/07/2024 10:00
796,iusto ut labore,75,28,05/07/2024 10:00
797,reiciendis rem sit,76,28,05/07/2024 10:00
798,ratione voluptas beatae,78,28,05/07/2024 11:00
799,quam et culpa,91,28,05/07/2024 11:00
800,laboriosam rerum occaecati,92,28,05/07/2024 11:00
801,tenetur occaecati consequatur,97,28,05/07/2024 11:00
802,sint quod rerum,98,28,05/07/2024 11:00
803,iure quasi sunt,100,28,05/07/2024 11:00
804,laboriosam nihil expedita,3,29,05/07/2024 11:00
805,maiores ipsum voluptas,4,29,05/07/2024 11:00
806,corrupti repellat sunt,5,29,05/07/2024 11:00
807,delectus illum tempora,6,29,05/07/2024 12:00
808,suscipit accusantium qui,9,29,05/07/2024 12:00
809,corporis corporis repudiandae,10,29,05/07/2024 12:00
810,fugiat aut neque,12,29,05/07/2024 12:00
811,sint omnis iste,14,29,05/07/2024 12:00
812,eligendi a pariatur,15,29,05/07/2024 12:00
813,itaque veritatis quod,16,29,05/07/2024 12:00
814,animi illo eos,20,29,05/07/2024 12:00
815,eum dolorem molestias,21,29,05/07/2024 12:00
816,facilis sequi voluptatem,22,29,05/07/2024 13:00
817,porro magni cum,24,29,05/07/2024 13:00
818,doloribus ab consequatur,27,29,05/07/2024 13:00
819,et in voluptatem,28,29,05/07/2024 13:00
820,repellendus voluptatem accusamus,31,29,05/07/2024 13:00
821,nesciunt rerum dicta,33,29,05/07/2024 13:00
822,quos vel dolor,36,29,05/07/2024 13:00
823,saepe quas sint,37,29,05/07/2024 13:00
824,quaerat ratione voluptas,39,29,05/07/2024 13:00
825,iure quaerat repudiandae,40,29,05/07/2024 13:00
826,soluta iusto quas,41,29,05/07/2024 13:00
827,veritatis ullam pariatur,54,29,05/07/2024 14:00
828,corrupti at repudiandae,57,29,05/07/2024 14:00
829,nostrum quibusdam iusto,63,29,05/07/2024 14:00
830,libero nulla quia,66,29,05/07/2024 14:00
831,veniam et molestiae,71,29,05/07/2024 14:00
832,veritatis porro fugiat,72,29,05/07/2024 14:00
833,pariatur at optio,73,29,05/07/2024 14:00
834,quia dolores ad,75,29,05/07/2024 14:00
835,quis sit blanditiis,76,29,05/07/2024 14:00
836,libero sint quo,91,29,05/07/2024 14:00
837,deserunt voluptates non,94,29,05/07/2024 14:00
838,iste perferendis quis,95,29,05/07/2024 14:00
839,sunt sed in,98,29,05/07/2024 15:00
840,est esse voluptates,5,30,05/07/2024 15:00
841,iure dicta aliquid,14,30,05/07/2024 15:00
842,ut et dolores,17,30,05/07/2024 15:00
843,placeat velit autem,20,30,05/07/2024 15:00
844,voluptas ab ut,21,30,05/07/2024 15:00
845,veritatis vitae in,22,30,05/07/2024 16:00
846,nostrum quo id,24,30,05/07/2024 16:00
847,qui quidem est,28,30,05/07/2024 16:00
848,minima ex voluptatem,33,30,05/07/2024 16:00
849,voluptatem placeat magnam,36,30,05/07/2024 16:00
850,animi modi in,39,30,05/07/2024 16:00
851,aperiam ullam dolorum,40,30,05/07/2024 17:00
852,ad ut et,41,30,05/07/2024 17:00
853,ut laboriosam tenetur,43,30,05/07/2024 17:00
854,expedita dolor iusto,44,30,05/07/2024 17:00
855,enim quas consequatur,54,30,05/07/2024 17:00
856,in harum eum,56,30,05/07/2024 17:00
857,qui iusto deserunt,57,30,05/07/2024 18:00
858,iste dolore voluptatem,66,30,05/07/2024 18:00
859,ratione temporibus est,71,30,05/07/2024 18:00
860,corrupti quo quisquam,72,30,05/07/2024 18:00
861,magni et fugit,75,30,05/07/2024 18:00
862,totam voluptate nobis,76,30,05/07/2024 18:00
863,autem doloribus architecto,78,30,05/07/2024 18:00
864,commodi adipisci nihil,79,30,05/07/2024 18:00
865,animi quod incidunt,82,30,05/07/2024 18:00
866,eos voluptas aliquid,91,30,05/07/2024 18:00
867,voluptas recusandae voluptatem,92,30,05/07/2024 19:00
868,et voluptatibus quidem,96,30,05/07/2024 19:00
869,est sunt perferendis,100,30,05/07/2024 19:00
870,vel consectetur consequatur,5,31,05/07/2024 19:00
871,est alias nostrum,8,31,05/07/2024 19:00
872,corporis ut odit,12,31,05/07/2024 19:00
873,voluptate est iusto,14,31,05/07/2024 20:00
874,et ullam dolor,15,31,05/07/2024 20:00
875,tenetur rerum cumque,17,31,05/07/2024 20:00
876,non quaerat et,21,31,05/07/2024 20:00
877,odio aut quia,22,31,05/07/2024 21:00
878,quam in aut,24,31,05/07/2024 21:00
879,quisquam dicta autem,32,31,05/07/2024 21:00
880,aut qui odio,35,31,05/07/2024 21:00
881,sit similique hic,36,31,05/07/2024 21:00
882,est illum nisi,37,31,05/07/2024 21:00
883,omnis rerum consequatur,40,31,05/07/2024 21:00
884,neque tempore iure,41,31,05/07/2024 21:00
885,minima natus nemo,46,31,05/07/2024 21:00
886,corporis illo ex,47,31,05/07/2024 22:00
887,sapiente ipsum ipsam,54,31,05/07/2024 22:00
888,fugiat quia optio,57,31,05/07/2024 22:00
889,maxime debitis sapiente,60,31,05/07/2024 22:00
890,quae quam aspernatur,62,31,05/07/2024 22:00
891,ullam et ut,66,31,05/07/2024 22:00
892,accusamus voluptas dolor,69,31,05/07/2024 22:00
893,praesentium dolorem ut,70,31,05/07/2024 22:00
894,nulla quasi autem,71,31,05/07/2024 22:00
895,dicta esse quia,72,31,05/07/2024 23:00
896,nemo perspiciatis quibusdam,75,31,05/07/2024 23:00
897,ut repudiandae dolorum,76,31,05/07/2024 23:00
898,dolore nihil est,82,31,05/07/2024 23:00
899,a ratione nihil,87,31,05/07/2024 23:00
900,voluptatem tempora labore,91,31,05/07/2024 23:00
901,cumque quas molestias,96,31,05/07/2024 23:00
902,quod voluptatibus saepe,99,31,05/07/2024 23:00
903,non esse sit,100,31,06/07/2024 00:00
904,impedit quasi ut,5,32,06/07/2024 00:00
905,et error quaerat,8,32,06/07/2024 00:00
906,dolores consectetur eveniet,12,32,06/07/2024 00:00
907,quos quis nostrum,14,32,06/07/2024 00:00
908,officiis eos qui,21,32,06/07/2024 00:00
909,rerum delectus recusandae,22,32,06/07/2024 00:00
910,molestiae a itaque,24,32,06/07/2024 00:00
911,eum pariatur dolor,28,32,06/07/2024 00:00
912,autem maxime et,36,32,06/07/2024 01:00
913,excepturi quasi et,40,32,06/07/2024 01:00
914,fuga iste officiis,41,32,06/07/2024 01:00
915,et quae vel,50,32,06/07/2024 02:00
916,quisquam omnis in,54,32,06/07/2024 02:00
917,nesciunt reprehenderit sit,57,32,06/07/2024 02:00
918,quis ipsam eos,60,32,06/07/2024 02:00
919,amet veritatis perspiciatis,62,32,06/07/2024 02:00
920,omnis aliquid officiis,66,32,06/07/2024 02:00
921,voluptas porro voluptatem,71,32,06/07/2024 03:00
922,quibusdam sit officia,75,32,06/07/2024 03:00
923,nulla repudiandae eum,76,32,06/07/2024 03:00
924,amet distinctio aut,78,32,06/07/2024 03:00
925,iusto nostrum et,79,32,06/07/2024 03:00
926,optio voluptatem voluptas,82,32,06/07/2024 03:00
927,et magnam aut,91,32,06/07/2024 04:00
928,amet iste ut,92,32,06/07/2024 04:00
929,non ipsam eos,97,32,06/07/2024 04:00
930,beatae tempore sed,4,33,06/07/2024 04:00
931,rem rerum et,5,33,06/07/2024 04:00
932,architecto aut optio,14,33,06/07/2024 04:00
933,quo sint dolores,15,33,06/07/2024 04:00
934,sunt voluptatibus non,20,33,06/07/2024 04:00
935,eum aliquid illo,21,33,06/07/2024 05:00
936,quibusdam id est,24,33,06/07/2024 05:00
937,fugiat totam eligendi,26,33,06/07/2024 05:00
938,voluptas reiciendis amet,28,33,06/07/2024 06:00
939,id nostrum libero,36,33,06/07/2024 06:00
940,velit iusto dolorum,37,33,06/07/2024 06:00
941,dolor minima non,41,33,06/07/2024 06:00
942,eos reiciendis id,43,33,06/07/2024 06:00
943,magnam recusandae quia,50,33,06/07/2024 06:00
944,placeat tempora voluptates,54,33,06/07/2024 06:00
945,ut asperiores occaecati,55,33,06/07/2024 06:00
946,est adipisci dolores,57,33,06/07/2024 06:00
947,exercitationem odit enim,60,33,06/07/2024 07:00
948,est quidem tenetur,65,33,06/07/2024 08:00
949,distinctio fugit adipisci,66,33,06/07/2024 08:00
950,omnis officia atque,69,33,06/07/2024 08:00
951,fugiat sequi similique,71,33,06/07/2024 09:00
952,repudiandae voluptates quam,75,33,06/07/2024 09:00
953,provident aspernatur qui,76,33,06/07/2024 09:00
954,similique dolor doloribus,78,33,06/07/2024 09:00
955,distinctio dolor ut,84,33,06/07/2024 10:00
956,laboriosam ut quam,85,33,06/07/2024 10:00
957,qui molestiae saepe,87,33,06/07/2024 11:00
958,hic animi incidunt,91,33,06/07/2024 11:00
959,non accusamus aliquid,94,33,06/07/2024 12:00
960,necessitatibus et repudiandae,96,33,06/07/2024 12:00
961,rerum a quia,99,33,06/07/2024 12:00
962,a et sed,100,33,06/07/2024 12:00
963,et et voluptatem,5,34,06/07/2024 12:00
964,iusto quidem voluptas,6,34,06/07/2024 12:00
965,pariatur eos sint,8,34,06/07/2024 13:00
966,facilis recusandae aut,14,34,06/07/2024 13:00
967,sunt veniam eveniet,17,34,06/07/2024 13:00
968,at labore doloribus,21,34,06/07/2024 14:00
969,fuga iusto aspernatur,24,34,06/07/2024 15:00
970,dignissimos omnis omnis,36,34,06/07/2024 15:00
971,sunt distinctio repellendus,39,34,06/07/2024 15:00
972,quos iusto ut,41,34,06/07/2024 15:00
973,et consectetur velit,54,34,06/07/2024 16:00
974,est quaerat molestias,55,34,06/07/2024 17:00
975,commodi reprehenderit voluptatum,57,34,06/07/2024 17:00
976,qui natus non,65,34,06/07/2024 18:00
977,assumenda qui adipisci,66,34,06/07/2024 18:00
978,quibusdam culpa voluptatem,67,34,06/07/2024 19:00
979,accusamus et voluptatem,71,34,06/07/2024 20:00
980,cum iure iste,75,34,06/07/2024 20:00
981,minima non vitae,76,34,06/07/2024 21:00
982,sed fugiat deleniti,85,34,06/07/2024 21:00
983,autem quo et,91,34,06/07/2024 22:00
984,consequuntur autem accusantium,93,34,06/07/2024 22:00
985,et soluta aliquam,97,34,06/07/2024 23:00
986,possimus doloremque fuga,98,34,07/07/2024 00:00
987,non tenetur quod,100,34,07/07/2024 01:00
988,omnis temporibus pariatur,5,35,07/07/2024 01:00
989,ipsa ut provident,8,35,07/07/2024 02:00
990,quis nulla ullam,12,35,07/07/2024 04:00
991,consequuntur aut veritatis,14,35,07/07/2024 04:00
992,nisi eaque dolores,15,35,07/07/2024 08:00
993,est ullam suscipit,16,35,07/07/2024 09:00
994,aliquid sapiente ut,19,35,07/07/2024 10:00
995,placeat aspernatur saepe,21,35,07/07/2024 13:00
996,recusandae magnam ut,24,35,07/07/2024 19:00
997,incidunt qui blanditiis,27,35,07/07/2024 22:00
998,dolorem dolor sed,30,35,07/07/2024 22:00
999,dicta aut non,32,35,07/07/2024 23:00
1000,mollitia et praesentium,36,35,07/07/2024 23:00
